email;passwd
est.mollis@yahoo.ca;KIU42QYN2EK
urna.nec.luctus@protonmail.ca;JGI95SBO7NE
amet.faucibus.ut@icloud.couk;XPG59JLI2UX
mollis.nec@yahoo.ca;CCR41WPH7FZ
porttitor.vulputate.posuere@outlook.ca;MXL73LIM2RH
auctor.velit@hotmail.org;UJV23MXC1LL
sagittis.augue@yahoo.edu;ZLW42UPC4HW
velit.egestas@outlook.edu;FCN71KTM7MY
tristique@hotmail.com;TCI21OUD4RY
nisi.sem@outlook.edu;OEP27UNY7SH
vulputate.eu@yahoo.org;XXY27MCN0LP
dis@aol.edu;LPU22RTH3RF
aliquet.sem@hotmail.couk;GDM86LDU1NI
ut.mi@aol.net;WJV82HSO8YU
dignissim.magna.a@aol.net;GLE65DUM5OE
tempor@icloud.edu;RCD40IWQ5WF
risus.donec@google.net;WFA42ICU1KT
sollicitudin.a.malesuada@google.edu;AYB57KNT4XQ
ut.tincidunt.vehicula@google.ca;GDP35TUI3JS
penatibus.et@yahoo.couk;ETE63UYW9MP
convallis.in@aol.edu;FBT14WJF3ES
integer.mollis@aol.com;GCM17LWZ5EJ
maecenas@protonmail.org;JUE02IIQ0VU
nam.porttitor.scelerisque@protonmail.net;JIL15PDR8NI
cubilia.curae.phasellus@yahoo.com;FTD39TTR7YB
curabitur.ut@yahoo.com;ZHS72IJD7CY
cras.dolor.dolor@yahoo.org;RRX68TTW7MN
ullamcorper@outlook.org;THX47KIF3NX
pede@protonmail.com;XNF21AES3PS
quis.diam@icloud.org;KKB26RJR7FR
non.egestas.a@protonmail.edu;LEK75GTN3EC
sed.neque@outlook.edu;VIH81NKF1HN
aliquam@hotmail.org;WVS14IBI1LJ
eu.dolor@google.net;IUW36FJQ4DG
aliquet.proin@aol.couk;KNR89HDJ6DA
sed@google.org;RPV55NHV7YX
dolor@protonmail.net;ZMC26HOB1AX
fringilla.euismod@hotmail.ca;KDX28WJC2HS
commodo.tincidunt@google.net;IKS40MZQ8TI
per@outlook.couk;TSE06CPA4CD
mattis.ornare@protonmail.edu;KDP40ELC8RM
orci.in@google.com;VWC16YBU3CE
enim@outlook.org;EJD64KOV3RO
ornare.lectus.ante@hotmail.edu;ITC98ZVT6XP
habitant.morbi@yahoo.edu;NUP40JCS8QS
mi@aol.net;KLP02PGD3FF
vivamus.molestie@aol.couk;YQJ63SLN7FN
pharetra.ut.pharetra@hotmail.com;XVN76YQY2EH
molestie.pharetra@icloud.ca;PJQ37NOQ8ES
arcu.imperdiet@protonmail.com;SGU98GYZ5ZT
mauris.rhoncus@hotmail.edu;NQD58QGO0DT
metus.aliquam.erat@outlook.edu;DEH46UBU9NU
est.mollis.non@google.edu;QIP21SNF7CU
vivamus.nibh@aol.net;LKO54UGL8TN
lorem.ac.risus@protonmail.net;RKN89BUO1HX
luctus@yahoo.ca;NND67HIS2XS
rhoncus.donec@aol.org;QON58IVQ2EB
imperdiet.erat.nonummy@aol.edu;OUB02JNB7WT
tristique.pharetra.quisque@outlook.couk;DHM26HPK8MO
pede.sagittis@aol.net;EAU58UOP8SW
ultrices.iaculis@protonmail.net;TIW66NUW1WY
tristique@google.net;QHJ29CPK3RM
pede.et.risus@icloud.couk;KVH23SRN4DX
in.nec.orci@google.couk;CNL63XUU0GA
penatibus.et.magnis@aol.edu;EXE16RSV9VW
quis@google.ca;DTX96AMI2UW
sit.amet@hotmail.edu;JOT02WTH7CG
urna.nunc.quis@google.org;ESC06RJS4VP
non.luctus@yahoo.net;KVK36PDP5YX
mattis.velit@outlook.net;ZEY74LED5ZW
suscipit.est@yahoo.edu;JSY66SJJ8LJ
tristique.senectus@protonmail.ca;GIF81BXL7HX
adipiscing.non@outlook.net;IPO55PRS2JX
auctor.velit.aliquam@yahoo.com;GIY53XYO6NC
amet.nulla@icloud.net;KJO86CDI7ZG
in.cursus@protonmail.org;WPI94PUW5PL
mauris.molestie.pharetra@yahoo.com;AGU03PEV7QY
cras.convallis@protonmail.couk;JFC48QYS5SA
pede.nonummy@icloud.edu;DCL42WWL4VO
et.malesuada.fames@protonmail.ca;TZT63JPQ8RJ
fusce@icloud.org;EVG42IKF8YO
lectus.nullam@aol.edu;ZFM85KIH5MR
dolor.sit@hotmail.com;AHL28QLU2IY
duis.gravida.praesent@outlook.org;DMN41CYG2KK
ornare.facilisis@hotmail.net;TWX53NPO1JT
ligula.aenean@protonmail.net;DKJ30VSR1OJ
risus.odio@yahoo.com;YIR51RKW7XP
tincidunt@protonmail.net;FVS59QRH6KJ
vel.turpis@outlook.net;FUS81UZE4NM
ridiculus.mus.donec@google.net;HTB46NXR3YN
maecenas@aol.com;YAL95CEJ3NZ
non.leo@outlook.ca;MUK87RLQ7XO
quam.elementum@google.org;RES67FJT2GQ
dapibus.ligula.aliquam@icloud.org;SQA11SPM3JS
aenean.sed@yahoo.org;BHP16YYF6QP
phasellus.elit.pede@protonmail.couk;WWC86YOW5TD
blandit.congue@protonmail.couk;JYY38VKF8SK
vulputate.mauris.sagittis@outlook.ca;ZVU55EVU5AW
dolor@yahoo.couk;UOM14HLB5BM
vel.faucibus.id@outlook.edu;EHW74VCM4ZU
