id;first_name;last_name
1;Rafael;Shields
2;Kyla;Grant
3;Graham;Johnston
4;Sydnee;Patrick
5;Jeanette;Holcomb
6;Lael;Terrell
7;Kirk;Silva
8;Ray;Vazquez
9;Alfonso;Ferrell
10;Matthew;Dudley
11;Montana;Whitehead
12;Hyatt;Todd
13;Hadassah;Hill
14;Beatrice;Ramirez
15;Mollie;Farrell
16;Colorado;Cook
17;Kelly;Hardin
18;Miranda;Mcgowan
19;Linda;Kerr
20;Gareth;Drake
21;Amal;Snyder
22;Wendy;Henson
23;Graham;Lamb
24;Wyoming;Barrett
25;Dorothy;Vargas
26;Hedwig;Lee
27;Hector;Curry
28;Wendy;Mcintosh
29;Megan;Cooper
30;Madeline;Mathews
31;Kitra;Cooke
32;Silas;Malone
33;Stewart;Lewis
34;Sybill;Larsen
35;Lillian;Goodwin
36;Illana;Coffey
37;September;Monroe
38;Ezekiel;Weber
39;Raphael;Griffith
40;Meredith;Stokes
41;Duncan;Gross
42;Lisandra;Powers
43;Calvin;Stokes
44;Shad;Bonner
45;Tiger;Clemons
46;Anastasia;Peterson
47;Valentine;Whitley
48;Hanna;Roy
49;Aristotle;Mayo
50;Barry;Lindsey
51;Skyler;Peterson
52;Akeem;Norton
53;Breanna;Malone
54;Elaine;Farmer
55;Tobias;Duffy
56;Kevin;Fischer
57;Tamekah;Sykes
58;Fitzgerald;Soto
59;Chiquita;Silva
60;Iris;Church
61;Neil;Mercado
62;Aspen;Britt
63;Jelani;Adkins
64;Fuller;Fletcher
65;Stacey;Cole
66;Aurelia;Hobbs
67;Brenden;Glover
68;Skyler;Patrick
69;Mira;Freeman
70;Angelica;Harmon
71;Stewart;Franklin
72;Fitzgerald;Boone
73;Hanna;Rowe
74;Nichole;Woodward
75;Lacota;Gordon
76;Giacomo;Hughes
77;Caleb;Soto
78;Talon;Underwood
79;Ima;Miranda
80;Hadley;Ray
81;Perry;Richardson
82;Garrison;Vang
83;Ali;Leonard
84;Uriah;Patel
85;Ciaran;Shields
86;Ryder;Giles
87;Hyatt;Booth
88;Ferdinand;Small
89;Diana;Austin
90;Jana;Edwards
91;Burton;Harrington
92;Conan;Gallegos
93;Fay;Mendez
94;Jenna;Whitfield
95;Bryar;Massey
96;Fuller;Downs
97;Kenneth;Robertson
98;Omar;Fitzpatrick
99;Denise;Adams
100;Yetta;Dalton
